title,video_url,thumbnail_url,channel_name,description,duration,views,uploaded
Fortnite Chapter 3 Season 1 Flipped Overview Trailer,https://www.youtube.com/watch?v=knAYcg7Tt8E,https://i.ytimg.com/vi/knAYcg7Tt8E/hqdefault.jpg?sqp=-oaymwEcCPYBEIoBSFXyq4qpAw4IARUAAIhCGAFwAcABBg==&rs=AOn4CLDfNQ8y27-2KEwzAbxl9l83wSCMiw,Fortnite,"Watch the Fortnite Chapter 3 Season 1 Flipped trailer! The Fortnite Island has been flipped and a new one has been revealed. Due to a particularly cold winter, the first thing you‚Äôll notice...",1:43,6.6M views,13 hours ago
FIGHT HIGHLIGHTS | Devin Haney vs. JoJo Diaz,https://www.youtube.com/watch?v=_r-bHyylPxE,https://i.ytimg.com/vi/_r-bHyylPxE/hqdefault.jpg?sqp=-oaymwEcCPYBEIoBSFXyq4qpAw4IARUAAIhCGAFwAcABBg==&rs=AOn4CLCs2TkXtH6TVBKlapYYzp336gW5JA,DAZN Boxing,"Devin Haney vs. JoJo Diaz, from the MGM Grand Garden Arena in Las Vegas, Nevada. Subscribe to our YouTube channel üëâ http://bit.ly/DAZNBoxingYouTube Download the DAZN app now üëâ http://bit....",15:45,1.2M views,15 hours ago
SPIDER-MAN: NO WAY HOME - Villains Panel,https://www.youtube.com/watch?v=oKzWmAehB0c,https://i.ytimg.com/vi/oKzWmAehB0c/hqdefault.jpg?sqp=-oaymwEcCPYBEIoBSFXyq4qpAw4IARUAAIhCGAFwAcABBg==&rs=AOn4CLDp9JEFSZrK3KkOvWQDDh9xDLaQQg,Spider-Man,"Look who‚Äôs back! Willem Dafoe, Alfred Molina, and Jamie Foxx talk about reprising their iconic roles as Green Goblin, Doc Ock, and Electro in a special panel for @CCXP! See them in #SpiderManNoW...",9:04,3M views,21 hours ago
20 Secrets YOU MISSED In Fortnite's CHAPTER 3 EVENT!,https://www.youtube.com/watch?v=Wbzm7fGIJ-I,,Top5Gaming,Fortnite CHAPTER 3 EVENT - 20 SECRETS YOU MISSED! Item Shop Code: T5G #UseCodeT5G #Fortnite T5G Discord: https://discord.gg/T5G (Join to be apart of the community) Follow us on Instagram...,,1.8M views,19 hours ago
The End - Chapter 2 Finale (Full In-game Event Video),https://www.youtube.com/watch?v=5Rasl5UwwNY,,Fortnite,"With The Convergence completed, the final battle to save the Island begins. Watch the full event video now. Play Fortnite Battle Royale, the completely free 100-player PvP mode. One giant...",,3M views,1 day ago
I'm STARTING OVER in Minecraft Hardcore...,https://www.youtube.com/watch?v=a0B2LtXIldg,,WadZee,"Today I'm Starting over in my 3,500 Days Minecraft Hardcore World. I've played in this world for 2 years now, and with the release of the Minecraft 1.18 Update, I think it's time to Start Over...",,1M views,8 hours ago
Weak To Strong Mod in Among Us,https://www.youtube.com/watch?v=5ivztp_7o-Q,,SSundee,We add a New modded weak to strong imposter Mod in Among Us üîî Subscribe & click the bell! https://www.youtube.com/user/SSundee?sub_confirmation=1 üëç Hit the Thumbs Up if you liked this...,,2M views,10 hours ago
Try Guys Bake Mac & Cheese Without A Recipe,https://www.youtube.com/watch?v=DuMVJj6jBpA,,The Try Guys,We hope this episode will Mac you smile :) Today we're trying to make baked mac & cheese FROM SCRATCH and #WithoutARecipe! Who's cheesy noods will take top dish?! SHOP our talking figurines...,,1.3M views,1 day ago
NBA Youngboy - Heart & Soul / Alligator Walk,https://www.youtube.com/watch?v=NvKjO-8DusE,,YoungBoy Never Broke Again,"YoungBoy Never Broke Again ‚Äì ‚ÄòSincerely, Kentrell‚Äô OUT NOW: https://youngboy.lnk.to/SincerelyKentrellID Subscribe for more official content from YoungBoy NBA: https://youngboy.lnk.to/Sub...",,6.2M views,2 days ago
Negotiating with Siri,https://www.youtube.com/watch?v=jkpsDnDVTgM,,Brendenlmao,,,1.1M views,1 day ago
